id,name,email,phone,description
1,cesi,testdata@exemple,135325,descriptiontest
2,cesi,testdata@exemple,135325,descriptiontest
3,cesi,testdata@exemple,135325,descriptiontest2
4,zouzou,dendoid@cezd.fe,522633,sépokdopezkdoezpkds
5,zouzou,dendoid@cezd.fe,522633,sépokdopezkdoezpkds
6,zouzou,dendoid@cezd.fe,522633,sépokdopezkdoezpkds
7,zouzou,dendoid@cezd.fe,522633,sépokdopezkdoezpkds
8,zouzou,dendoid@cezd.fe,522633,"oui oui baguette"
9,zouzou,dendoid@cezd.fe,522633,sépokdopezkdoezpkds
10,fehrdned,lolo@viacesi.fr,522633,dzsqzs
11,fehrdned,lolo@viacesi.fr,522633,zasxqwq
